{
  "hash": "352bd0bf",
  "configHash": "6bd8b451",
  "lockfileHash": "a94b78fa",
  "browserHash": "55305334",
  "optimized": {
    "@angular/common": {
      "src": "../../../../../node_modules/@angular/common/fesm2022/common.mjs",
      "file": "@angular_common.js",
      "fileHash": "03dfd1e4",
      "needsInterop": false
    },
    "@angular/common/http": {
      "src": "../../../../../node_modules/@angular/common/fesm2022/http.mjs",
      "file": "@angular_common_http.js",
      "fileHash": "009bbba0",
      "needsInterop": false
    },
    "@angular/core": {
      "src": "../../../../../node_modules/@angular/core/fesm2022/core.mjs",
      "file": "@angular_core.js",
      "fileHash": "66e6b403",
      "needsInterop": false
    },
    "@angular/platform-browser": {
      "src": "../../../../../node_modules/@angular/platform-browser/fesm2022/platform-browser.mjs",
      "file": "@angular_platform-browser.js",
      "fileHash": "74489723",
      "needsInterop": false
    },
    "@angular/router": {
      "src": "../../../../../node_modules/@angular/router/fesm2022/router.mjs",
      "file": "@angular_router.js",
      "fileHash": "57b8840e",
      "needsInterop": false
    }
  },
  "chunks": {
    "chunk-PTMAOFGI": {
      "file": "chunk-PTMAOFGI.js"
    },
    "chunk-BCB4OAS5": {
      "file": "chunk-BCB4OAS5.js"
    },
    "chunk-F2TMUAH5": {
      "file": "chunk-F2TMUAH5.js"
    },
    "chunk-2UONM32I": {
      "file": "chunk-2UONM32I.js"
    }
  }
}